Linha,R2,RMSE,MAE,MAPE
339,0.9020780767410234,12.258247431275725,8.128344417077177,8.566545325683622e+16
325,0.8890469578217108,13.348829412797373,8.413255439244663,1.0030631177451019e+17
330,0.9264932285539551,15.349760884705605,8.781560960591133,2.3248538938476234e+17
332,0.8451715347259936,14.072539699797703,8.966417334154857,1.147572497286025e+17
339,0.866282792727831,14.324585525311058,9.259118708231588,4.814805916999532e+17
339,0.8379635664973565,15.768658714169758,9.408875649887369,4.56908718609952e+17
339,0.8107251766633493,17.042560353671124,9.472963782141846,4.918641794485311e+17
332,0.8423273497522549,14.201207130513286,9.52216323880521,3.752977706970712e+17
339,0.803135000725179,17.380916401020283,9.668108374384238,4.956286727230269e+17
304,0.9212451041660463,14.349389239636375,9.683314849044978,7.989370939695858e+16
325,0.8562052417859989,15.196553500228347,9.702096184655902,5.400189222647125e+17
332,0.803068576313922,15.871010843104173,9.71169273145045,3.644807977584548e+17
814,0.9478203158043892,16.472910448683283,9.718388375436435,2.0288133600465056e+17
332,0.8018912779802896,15.918380307620396,9.775202182906435,3.480311310559008e+17
332,0.819860529189911,15.179292136616397,9.800566342639778,3.770407772150577e+17
330,0.900984682818648,17.81513558423225,9.890854962198175,6.236720261888198e+17
325,0.800300280732978,17.908627495302685,10.101163178600956,6.034543458348988e+17
330,0.8809444041869323,19.534974418421857,10.156374120337789,5.486518037282027e+17
325,0.8208001054256925,16.96455417010365,10.197838797129736,5.288336889254214e+17
325,0.7930034720349848,18.23287297718042,10.20772249589491,6.216279186894282e+17
330,0.8733959356081389,20.144744546429624,10.32105628873726,6.24403430903852e+17
383,0.8778524854163927,16.61635398809059,10.446011706715959,1.9049116479321904e+17
330,0.8797924759622453,19.629252717761737,10.576559309210612,5.534551059689503e+17
361,0.8485445727254104,16.132088404749783,10.716206588669952,7.292133859700328e+16
342,0.9530219679189945,21.11639447044633,10.881328715106733,2.530432771296078e+17
304,0.903853478443153,15.854823949075765,10.971188709893452,6.25000263755089e+17
356,0.9095134255980143,16.55099144598857,10.971319273399015,1.2977244344977203e+17
383,0.8633472617264818,17.575293556940217,11.076155441339465,3.247111281907225e+17
383,0.8621562808412887,17.651715110444943,11.09303566294047,3.173931030178897e+17
814,0.9288942413424406,19.22967753512246,11.144800322701878,7.068090145843852e+17
7,0.9301033596459607,17.792742630983074,11.17910793845435,1.69518462920638e+17
383,0.8619938532280784,17.66211196368031,11.214046296547293,5.270704272933131e+17
383,0.8494970273340541,18.44446053198488,11.281213485241395,4.256821042045475e+17
814,0.9190176799992642,20.521765540533377,11.421926546958893,5.764428015945839e+17
22,0.9635970514929403,19.411642161771987,11.483081383415435,1.3588955562836894e+17
361,0.842999763825265,16.424733283286386,11.620773443810826,5.023630740114736e+17
814,0.9088862533690317,21.767651060713078,11.709310141997388,6.73534378592206e+17
304,0.8448268241217168,20.142017086811286,11.7590272349185,5.358936919455994e+17
83,0.9258661554361328,21.731119684073512,11.85880750667488,2.299143106995403e+17
304,0.8415264337563315,20.355091140956876,11.917472889710412,4.924090984815484e+17
304,0.8711307340370047,18.355630767084985,11.93228986216709,5.840153641767185e+17
361,0.8191223956538085,17.629523401756003,11.939699337347461,4.990181654556619e+17
361,0.7986492432088399,18.60050803198603,12.047822420677639,5.518542364196551e+17
319,0.9428032742268714,21.670949358465982,12.084771278936714,1.6157359030179277e+17
361,0.7909138670069804,18.9544325964996,12.158884163148018,5.227294902097591e+17
312,0.9347877742884414,18.345543491836878,12.171342980295565,2.0459288308422426e+17
628,0.9228263065159594,18.920752115766305,12.251709180529884,1.6025304049291456e+17
7,0.920788483398199,18.941261952575687,12.26180588420183,4.910088604800325e+17
618,0.9472289377161847,18.48314097080218,12.347310403471733,9.498751096195075e+16
356,0.894959701590882,17.83240479494062,12.415535340059106,6.390161598429313e+17
814,0.9085876246447606,21.803294025983508,12.458531319183745,6.199765736301137e+17
815,0.9533464755996643,20.406850835410737,12.565171152943938,3.234228828211514e+17
630,0.9113350797314826,20.126886506812074,12.593086001642035,2.970656861719064e+17
342,0.9364654643455151,24.557111741513047,12.695899527914616,7.502290749701029e+17
381,0.9065910964415731,20.83270270625346,12.809887315270936,2.1997995071503347e+17
342,0.9173520709369641,28.008402839636254,12.849811328492322,8.614395810682444e+17
366,0.961597970052145,23.53306336490429,12.886273912151069,3.193573950663984e+17
356,0.8709304130534441,19.7671428479686,12.933397095353842,5.558385954044232e+17
342,0.9280757631928881,26.128229821134973,12.941095427796752,7.870961849945608e+17
356,0.8508473329147643,21.249438196408633,12.944865616936431,5.349975470272079e+17
369,0.9477126733131165,20.21702650459509,12.962934743725077,2.1521359489019168e+17
376,0.9565823679810235,20.745784409279672,12.979474035303776,2.105576105340502e+17
356,0.8519989197546002,21.16724727567917,13.068116950051865,5.621889160257686e+17
391,0.9249231549401277,20.044963274015682,13.085762447220267,1.559771629318301e+17
397,0.9129492973858537,21.871956851577284,13.092426211001644,1.7334902201171744e+17
319,0.9349646071103797,23.10825956934476,13.144229359212497,6.84164896670509e+17
21,0.9367782701246868,19.438765710835884,13.253599958949097,1.990722297848475e+17
83,0.9098716700427033,23.96097599401056,13.31892027119958,8.722697989798824e+17
327,0.9655125128687742,24.47682161467762,13.348452688834152,1.2572641398158632e+17
362,0.9553211082970832,22.856080902459585,13.398671255571195,1.4891935121284042e+17
312,0.9185192601344379,20.506594928047654,13.546591587342148,8.819138270252408e+17
397,0.9046835058856311,22.88682400749149,13.583613153882242,4.350784465718209e+17
7,0.8840172844312549,22.919829495428075,13.608798667678805,6.297573582816605e+17
342,0.9221562144687862,27.182182877481903,13.621685737292264,6.152101642761926e+17
397,0.8979081716534066,23.68628719968227,13.801248950867823,5.151200252628644e+17
7,0.8769812653116197,23.604802656335977,13.840589868435945,6.932293192508575e+17
628,0.9014155131371857,21.384940350350412,13.886884474253707,7.52942847869091e+17
122,0.9531035147328483,23.63849432692885,13.88820723375557,1.5810820516050336e+17
7,0.8912810494181315,22.19051450928486,13.899972202624387,4.597527660779013e+17
22,0.953042657075688,22.04680969682812,13.96015188062506,7.457642166651636e+17
630,0.8968784995339896,21.705774934008176,14.031688234280658,7.810479767369492e+17
381,0.8944915967720861,22.140886434662338,14.133850638547557,7.550824550146097e+17
329,0.9441218878915293,24.906075809868586,14.166253078817736,2.82771425495013e+17
214,0.9364706924429047,31.242521083249898,14.178279420825634,2.276891495527822e+17
83,0.8840569027044853,27.176673141536092,14.193265051491945,7.602557014795782e+17
366,0.9498412068499602,26.895208318635138,14.194317024396817,9.094097819481548e+17
22,0.9334524225509276,26.24581850916496,14.240581471381658,6.842681642208367e+17
397,0.8923940468221945,24.31754059150455,14.296270818236605,5.277764012971459e+17
83,0.8921065645745037,26.21629727158921,14.302210367400573,7.17345208578974e+17
397,0.8962165553517176,23.88171661607744,14.339541367347001,7.494748516541188e+17
83,0.8784008380433769,27.831661458124504,14.378467136664595,8.036590331552163e+17
376,0.9426539660242316,23.842318621971355,14.389029818169115,7.884565014474309e+17
618,0.9290440165259707,21.43247715685913,14.415282666719818,7.757625116594757e+17
502,0.9747284712870942,24.19945803167836,14.45920654468684,2.6973929914190954e+17
381,0.877880341694881,23.820137788926854,14.460185457282572,5.779633743086906e+17
22,0.9322148246534512,26.48874350940835,14.469576461438807,7.102546331612957e+17
636,0.7178421776128805,49.92709900565582,14.524413226535222,1.845739584066556e+17
5,0.9447252242720069,29.476792002166775,14.643567124431392,1.7698729031368432e+17
613,0.9505595455169932,25.577656866250514,14.654156403940886,5.162546875804621e+17
312,0.8786117274425053,25.029630387033666,14.694958773164439,9.733738859528314e+17
312,0.8755660673755761,25.34168476560819,14.716065496871424,1.001536291937257e+18
381,0.8668862041719524,24.869268604699826,14.763137983351145,7.147408222546522e+17
381,0.8673110918949185,24.829546604875564,14.790419041754634,7.034685806212794e+17
319,0.9113749341426014,26.975570519637007,14.829363175873981,6.237294531291849e+17
391,0.9045942352347837,22.59641625665099,14.884015892614965,7.523640961349606e+17
626,0.9179996378865731,23.927089102152976,14.942210019352569,2.866898767436349e+17
319,0.8934677190510745,29.575559279807436,14.992960579686162,7.543252131342418e+17
618,0.8896924629035222,26.722707101146145,15.031305853582994,7.874473522920302e+17
369,0.9331181436745954,22.865106086551577,15.04754767065229,8.464609021609843e+17
618,0.889415153124401,26.75627605128884,15.049865397020879,7.414882865316371e+17
212,0.9454692955714323,27.108516423588515,15.091216236833612,4.574831171674817e+17
815,0.9213564818577032,26.495079557360928,15.09919930750607,1.1656255640861379e+18
628,0.8689106932098134,24.659677155892886,15.116109677958105,6.500121364231131e+17
319,0.8853594511551846,30.68043277250506,15.145707317430977,7.43315412075837e+17
8,0.919837280037796,24.133472639022088,15.163005402242147,1.2581536948030048e+17
832,0.945914257367948,26.425580200739645,15.219616335327235,2.680459197992618e+17
630,0.8667922562800379,24.669788140258067,15.224323362423213,7.769865337621946e+17
466,0.9411874489678926,25.465676574209112,15.227636050230318,1.5847529927744944e+17
630,0.8528985492732448,25.924426734186024,15.246070754163734,7.537308996750828e+17
312,0.8840349946127456,24.464117113169788,15.316779918651156,9.124168976685932e+17
618,0.9069462010564174,24.54397565940207,15.365437259214803,6.557504656651555e+17
630,0.8474415048212366,26.400909102295696,15.370388690029914,8.449905909806196e+17
628,0.8468376551316236,26.65506564326281,15.411927779244785,9.082073729242973e+17
628,0.8491590700253289,26.452294777123807,15.457763595136976,9.18983677087365e+17
210,0.9593432607079432,32.26591755874148,15.653703143326295,4.203600652368456e+17
329,0.9285786091828265,28.15779189720714,15.754614790634106,1.1040579251341766e+18
122,0.9365016423317813,27.50621980891365,15.767950895363184,8.241558490730019e+17
804,0.9598189635938028,31.17381622861604,15.813352935139573,5.423667375504833e+17
391,0.8670712463430434,26.672377197105828,15.837000190593482,7.388205501610577e+17
327,0.9511621554858302,29.12745171325566,15.879055604439886,9.529551779644384e+17
366,0.9254246908247323,32.79434071803294,15.88784985632184,1.0732872288154506e+18
362,0.9143989430637995,31.63662395712235,15.919827413627756,1.156903679156239e+18
337,0.9193735458983964,27.491894802214887,15.940797149894442,5.311439743411279e+17
806,0.9464609005198888,25.62949876200373,15.977581515364767,1.4794095000420886e+17
391,0.8646966927945953,26.90955177653446,15.984591582271724,8.04228738047895e+17
21,0.9151882239684763,22.514565850797332,16.10841006684621,1.133869233087265e+18
391,0.8725992678976694,26.111884716906946,16.1299266507774,7.438369246972731e+17
376,0.9126414391249291,29.427239854814033,16.142127331104856,9.987702711034602e+17
22,0.9287766228434151,27.152215847106447,16.155754732748257,4.791372915471255e+17
213,0.9599033224804854,29.192396112347883,16.204629412972086,1.524574315851229e+17
366,0.9162667637175251,34.74964015645544,16.27895722035559,1.117314945580481e+18
376,0.9088008197563129,30.067149773311954,16.29949869376826,1.0240029865154403e+18
214,0.9117481930449586,36.82313955536371,16.413596551291118,1.0025054067561021e+18
369,0.9076713444259428,26.865029220412367,16.416082307060755,8.936284661716867e+17
369,0.9156952427580116,25.67113688617043,16.52733034239468,7.890114648847375e+17
376,0.9197750521073756,28.200156303841435,16.57445319219642,7.540762318206289e+17
676,0.9243961731813187,26.366967068159525,16.58089961271015,3.063095280278983e+17
366,0.9356159061709641,30.471277831823087,16.591300457943593,9.314094538953917e+17
369,0.9019786822074722,27.680844130248424,16.596639855950016,9.8880436492858e+17
5,0.9366143196511345,31.565472923126645,16.61666287337515,6.24082222670085e+17
815,0.8814424128785922,32.53107666357657,16.62400021991555,1.2714784280574313e+18
375,0.9377778859201106,24.92690283337241,16.759184143559143,2.086556712738359e+17
815,0.8759939862545799,33.27017878525306,16.89224115850454,1.3400222434594312e+18
372,0.9507368764350155,25.53606674052225,16.94086422413793,2.295883694274185e+17
820,0.9599752788874697,26.890928743573337,16.953656169364297,4.231599918436726e+17
337,0.9187450254868863,27.59884278212165,17.047974721150045,9.793675620845508e+17
21,0.8602429764538632,28.901628832862443,17.092671275119244,1.1331612371408334e+18
626,0.8954036360145824,27.023417789495774,17.09630556400784,9.899252487157738e+17
212,0.9202769820580129,32.7775932678454,17.167873257559588,1.313059159264475e+18
329,0.9087938683319583,31.81972789875842,17.22397700977574,9.447187307949632e+17
636,0.6339329804936248,56.868344605293686,17.23198452297721,7.303584433138296e+17
21,0.8574428211029278,29.189727735422522,17.3580952950614,1.1941377252461655e+18
327,0.9293632060763785,35.02996768029445,17.361489649307998,8.713279096002348e+17
329,0.8953921291901322,34.07741354237148,17.36428142468506,1.2553826786600494e+18
211,0.960388184103111,28.44397843677366,17.3666986863711,2.615473340860775e+17
350,0.949368812114483,27.712775312848876,17.43706591602158,2.9911402903198246e+17
347,0.9222905037631806,27.731093414759876,17.444050526819925,3.223772194593942e+17
345,0.9723403530989652,34.10921942560001,17.468387044041755,4.458319593678559e+17
405,0.9673515866218119,29.823227683842283,17.52969037356322,3.016586275283379e+17
613,0.9248660319929172,31.530996219067248,17.531404923886072,1.5042159839760563e+18
122,0.9028155437527959,34.02891228869225,17.532721498944404,1.0634122441223064e+18
815,0.8983315687340058,30.12498382398107,17.565554368652265,1.0920997139237233e+18
832,0.928472817770599,30.389159680468104,17.574821008961926,1.2445249152539986e+18
8,0.8763529383474198,29.972674421281354,17.611161015350685,7.684975219613701e+17
122,0.9035266302321858,33.90419108549696,17.615501056816406,1.0931226758149324e+18
379,0.9515611993398533,34.917554121033476,17.669406975721326,3.1472949218048806e+17
329,0.8890943683832222,35.088212387347035,17.673684120631012,1.2903278161758694e+18
8,0.8944449186151043,27.693201680711176,17.705074648995694,5.170309226067213e+17
327,0.9255856939413118,35.95443472004878,17.730436663760432,8.475781616884861e+17
636,0.6319951050111452,57.01866995724698,17.778665258339934,6.009071401882988e+17
335,0.9528909491227392,32.86550416479102,17.803963494018294,4.999283994239161e+17
337,0.8933608958130294,31.617253212964496,17.826135270056298,8.593566395228324e+17
337,0.8938635139239575,31.54265499895577,17.8401713182363,8.599129115111197e+17
337,0.8917031489371082,31.86205681688352,17.92933880489178,8.96004480183053e+17
21,0.8785463532433871,26.942679049491467,17.942680504594115,1.0574349407703468e+18
636,0.6880433123013443,52.49735649325483,17.946135964789253,4.38648497947842e+17
8,0.869152840011452,30.83299741170206,17.98181396450595,8.215743878463782e+17
122,0.920065206598457,30.861539826322872,18.00482917933999,8.573245954807412e+17
636,0.6503209156946482,55.5808408818749,18.124144282877047,6.547411985123464e+17
626,0.8408422068387096,33.33465280373415,18.141070431620925,9.606647592334532e+17
321,0.9505418353508047,28.51077516877276,18.16332428747361,2.3881321493262426e+17
626,0.8680072558395827,30.35687139485984,18.187555227900855,8.20788166312407e+17
466,0.9113732694343186,31.26097898475681,18.249265298579157,1.1131900219973156e+18
327,0.9360769897002812,33.32367240921385,18.309465150730105,7.301973573550833e+17
676,0.9133957916636655,28.22005042901385,18.41150767640681,1.1665816717798607e+18
362,0.883752105085431,36.86745148687746,18.515853063974102,1.0220369152738874e+18
626,0.8359089479256318,33.84733123563263,18.52298934356899,9.99523744432416e+17
806,0.9311519451659132,29.063667674211455,18.538581190023965,1.0989287239580914e+18
5,0.9285588532886205,33.511273384960965,18.574068923821038,5.336256195333883e+17
362,0.8580560060579406,40.738879458299294,18.598813562038334,1.2862999413024568e+18
214,0.8844253152430367,42.13959617777144,18.60501582087728,1.2308923564261153e+18
362,0.8591933012646817,40.57534554878272,18.628728418953788,1.26236224391023e+18
210,0.9355934927662112,40.61090066867359,18.633807254953634,1.4115497145328704e+18
8,0.8772325054321376,29.86587839852887,18.69039344321336,5.380153534269902e+17
804,0.9331187423957862,40.21903249385101,18.715503668659256,1.6517191053189996e+18
5,0.9130175949944795,36.97706426485568,18.730983668565965,9.662092460414045e+17
377,0.9380540022158615,28.615815688117678,18.743111379896785,4.921991282566128e+17
214,0.8976339979708411,39.65855458812175,18.78634820946498,1.0252778606594834e+18
5,0.9103739691021462,37.534773921197335,18.88128067839389,9.851535692135421e+17
213,0.947394189133359,33.43739295965414,18.976479375200555,1.011570141819222e+18
72,0.9243411374127244,28.860814598682104,18.97758887912088,3.91847025412278e+17
341,0.9675823593353052,28.929488091229636,19.0307388136289,2.2775725684493526e+17
114,0.9707546768411596,30.95915556826998,19.04771921182266,3.226335974061617e+17
212,0.8844947577686768,39.453546122087694,19.193913513309447,1.2992258219603512e+18
214,0.8729638928435781,44.17968338596672,19.198730804213245,1.2188089108109627e+18
347,0.9078319532939626,30.200917630857457,19.249727759284852,1.1045883641075834e+18
375,0.9179279108514665,28.628176341262346,19.275797948513922,9.930529538739986e+17
212,0.8782864489681437,40.49996642041727,19.416134883959746,1.2611740173505485e+18
832,0.8877025866921995,38.077463387040424,19.41679605031668,1.2345941134984156e+18
613,0.8810029006642796,39.681466805990986,19.499359362968722,1.5073844639007311e+18
212,0.8922455349540972,38.106831011550355,19.608657770489426,1.1627149103402775e+18
613,0.8759251626870367,40.519248953537655,19.7087842775041,1.4860994530846188e+18
372,0.9304275542760799,30.346713704266794,19.755816159613207,1.1336012528975108e+18
613,0.9056440986333667,35.33491602497221,19.796172937843473,1.2888587044782305e+18
832,0.9051058603107058,35.00280344556883,19.823251336713646,1.0543872408948794e+18
806,0.894512283243104,35.97539141650865,19.82346948678374,1.0573834826732338e+18
832,0.8849476447396636,38.541702043972734,19.88969665526791,1.3058366328517023e+18
806,0.8938518967915033,36.08782438562002,19.90868071193995,1.058452533542175e+18
211,0.944600868586739,33.63794394946109,19.930814441485392,1.24357670686395e+18
676,0.8690462990066914,34.70141434244062,19.956988304048934,1.2071323096261658e+18
502,0.9554517489924981,32.12959208194633,19.972202677849914,1.416081169203232e+18
111,0.9574627856589849,37.923630086691254,20.025736937016188,6.776818808618473e+17
676,0.8688604267314002,34.72603275208512,20.062699410263185,1.1360015047234762e+18
466,0.8658780679605809,38.456531429185404,20.06395738344629,1.0764060036549583e+18
335,0.9267739682899317,40.97518011692018,20.122116308353604,1.4282262389068347e+18
315,0.9436985213696829,31.623679476722284,20.133884954844007,1.8419209442736544e+17
676,0.8864309542307864,32.316050329580136,20.158093895120434,1.0190228645812078e+18
629,0.9465506734255171,37.21807181008259,20.174105060989916,3.8130412138179e+17
338,0.9195806422585947,37.70243299626173,20.177778479064038,6.577973607583314e+17
466,0.8648360079162842,38.60563633849549,20.23346536862621,1.1400709304301071e+18
43,0.9419872145581364,33.67644427519122,20.2822864757219,3.1117228322027955e+17
343,0.9650839613126698,31.347394233397925,20.34806917077175,2.8538863436713414e+17
466,0.8776015519142671,36.73737876573241,20.412941581201416,8.674300862880398e+17
372,0.9083504518523675,34.830378683844465,20.45452897753929,9.272579910897304e+17
350,0.9336905439398352,31.714560328507954,20.543541701363782,1.321542752126269e+18
920,0.9446799037907746,38.8875784677602,20.587528325123152,4.571758169021673e+17
804,0.9299393235475314,41.16390495299062,20.67845988740324,1.5147186375815406e+18
347,0.8785043790344237,34.674504166701105,20.699398919977966,1.2080992720905513e+18
347,0.8652824922570421,36.512533371925386,20.72009184365255,1.295009208163343e+18
806,0.9108285526651495,33.07634319983688,20.7363990238005,8.022806309881363e+17
406,0.9746579307398094,32.23086298446466,20.821235940065684,3.106918019779741e+17
15,0.9624330408498167,33.54890132308856,20.85331229474548,3.514279328931658e+17
210,0.919614526645624,45.36976545408895,20.921171704914883,1.5170631482505981e+18
210,0.9105961998898526,47.84711282261797,20.943113608374382,1.5372992033205353e+18
804,0.9183510085969178,44.43803184112075,20.947505911107914,1.7154750398127903e+18
372,0.9140441714994363,33.73111501963574,20.99295380473776,8.481705144320282e+17
372,0.9008959498098336,36.21919003156289,21.052880406266276,1.0543914517700196e+18
375,0.8918955375717454,32.856231524632214,21.05819663896263,1.10859140602337e+18
345,0.9436025041598523,48.70554142918625,21.071631460509685,1.8338203520268695e+18
820,0.9371295316373656,33.70272311952968,21.114228863161998,1.6025983740485658e+18
321,0.9335120927146139,33.05684178394923,21.27742907402053,1.3018046053775718e+18
347,0.8547900889367529,37.90775601477508,21.29938936781609,1.321432630062485e+18
502,0.9184988642164051,43.4581978989876,21.36623840800688,1.343298193457402e+18
375,0.8752444287046383,35.29603440261694,21.373759067509067,1.2128193467182692e+18
375,0.8723602870397257,35.701696097592716,21.40576838055715,1.2505374294555374e+18
379,0.9217336326148142,44.3848455317703,21.49947146105798,1.4800004041455954e+18
338,0.9141476548973161,38.955174844365885,21.651549610492527,1.358680382638199e+18
804,0.9195587721974254,44.10814047315247,21.831548431043505,1.3848852264252882e+18
502,0.9176599563723223,43.68128734786721,21.852270781816365,1.4255930414605238e+18
335,0.9225510166448374,42.140140793095284,21.904773899332948,1.3382831476116413e+18
456,0.9607116557666066,34.14799581508019,21.98115070079756,4.909740815458694e+17
377,0.9029859259104057,35.81103517070984,22.015440684958815,1.590202778921213e+18
213,0.9161112534102067,42.22478065732206,22.089805103506922,1.3121276569574697e+18
820,0.9043262409558689,41.57555578088074,22.154128797208543,1.5718001781999017e+18
213,0.9285481575199858,38.96926956921002,22.183980378420834,1.01681949480922e+18
213,0.9156083424353437,42.351159791739974,22.265131624953455,1.331962936112198e+18
72,0.9078136808812471,31.857516604817466,22.279904535318824,1.27208053893991e+18
210,0.9202519458519485,45.18952693116268,22.317255606833605,1.2940999695328952e+18
72,0.880569303043434,36.26074011874505,22.363952776556772,1.253007556114701e+18
335,0.9119967127346971,44.91977467999434,22.396182674519654,1.4036730146129649e+18
350,0.8849683316935337,41.77146158341736,22.459981527093593,1.169271549436304e+18
335,0.9068542049045216,46.213594437591695,22.56047028209202,1.5056609767957563e+18
629,0.9381583130515558,40.03348652949768,22.65361807939937,1.386413812568008e+18
350,0.8832320218230206,42.08553404613311,22.70360641137393,1.283417570012876e+18
350,0.9060579270312579,37.748615867244624,22.706522968000804,1.071586262919947e+18
820,0.9248076966065296,36.8577091914373,22.718032173081433,1.2523866217167514e+18
315,0.9323137481489128,34.67390316210635,22.99061950454684,1.2782911072593482e+18
338,0.890838884546729,43.926141783461816,23.006506832642934,1.294515922178898e+18
820,0.8947809429630793,43.60023673375312,23.03512368306126,1.709149655179335e+18
338,0.8883143623838697,44.43116907890141,23.10999907635468,1.3147947044417587e+18
211,0.916802085671388,41.22248649194559,23.136908705907853,1.431150064750607e+18
72,0.8700519252855717,37.823664759466645,23.160095462885828,1.4419032827760996e+18
72,0.8903300865440779,34.74740940374759,23.254551986893738,1.17014564981333e+18
345,0.9472845590942703,47.08877436304718,23.296919190808506,1.720026703484845e+18
211,0.8957727884190851,46.13903684240331,23.307901888341544,1.571839550362372e+18
338,0.9013607258102012,41.75553096988396,23.35141420361248,1.1047610695563107e+18
345,0.946176547805704,47.58107390772356,23.361250876569166,1.7468165673059983e+18
70,0.9727509350766927,36.593099298371285,23.361559259910862,3.4169726437562477e+17
211,0.8927330481441837,46.80701377691497,23.47527335662251,1.6414845623779791e+18
341,0.9481027085408026,36.60348135456943,23.54980363043216,1.858167512775877e+18
43,0.9091778813467233,42.136667528529955,23.58797026052586,1.5366609884136835e+18
502,0.9282641112760722,40.77163468782106,23.60643976214965,9.33095668031609e+17
629,0.9141357203857946,47.17251333549214,23.687042839549612,1.350111642022789e+18
6,0.9379819421828748,38.027589888929796,23.758005995934962,1.8598173034350998e+17
220,0.9549049661347222,37.06554083151798,23.769569376026272,2.584397988417887e+17
405,0.9383844814234051,40.970254131427474,23.83244385017283,2.0792771131169385e+18
345,0.9409029280510589,49.85760894091596,23.928464540860748,1.8378009366912924e+18
629,0.911880901232828,47.787881049519314,24.19561569491332,1.3975007551813944e+18
10,0.9285462401679903,39.11321734467585,24.308238444761344,2.3833619560587024e+17
15,0.9488956009426563,39.129511290603745,24.400710680537937,1.6051399440538875e+18
31,0.9639106322941016,41.19727054090016,24.600268077058413,4.4549378002567514e+17
920,0.9053386529308749,50.86930185093206,24.60911966613556,1.364386630532939e+18
111,0.9141682594531534,53.87029312576557,24.708835231937602,1.6354682332732923e+18
111,0.9122159585960333,54.47950644611522,24.74679665582287,1.6710588855510339e+18
114,0.9472886654378597,41.56357545663761,24.795605711651366,2.2570027243562204e+18
343,0.9486400069846767,38.01906575604863,24.945853108640776,1.6852886796250289e+18
321,0.8959196749384071,41.35941118673784,24.995590814006544,1.2358691450854088e+18
377,0.8575604340151253,43.39251521541329,25.07568366832822,1.6620658635670185e+18
321,0.8763808436020605,45.07470728587373,25.09627046509952,1.5484965571062748e+18
315,0.9085704126449012,40.29914935273597,25.137844077321,1.0712712409246838e+18
111,0.909188706390354,55.410913513736254,25.238898862408632,1.7533527421536287e+18
377,0.8200881991810087,48.76736932023248,25.239231798411634,2.090338938189894e+18
377,0.8176713540763624,49.09383480249541,25.433151712409106,2.0752385171011732e+18
379,0.867944705528857,57.653414485515626,25.47022865823968,1.92064942929221e+18
315,0.8877781290903146,44.64689403352965,25.52877970326061,1.279441185458055e+18
315,0.8862636457649188,44.947149109976685,25.53423528814679,1.374047850576277e+18
456,0.9406915128401723,41.95577806776492,25.536568294792254,1.8012020205587556e+18
321,0.8646203774505266,47.17008694891788,25.546408871882086,1.5689734444524357e+18
379,0.8925153137383979,52.0140200526961,25.56216143288375,1.3593774611279498e+18
379,0.8628094778677546,58.76370619423766,25.622880747126437,1.910404164856448e+18
920,0.9051282312558074,50.92580887404748,25.64678600750645,1.3514607344850565e+18
114,0.915714258281379,52.55789351426308,25.736061693642974,1.6487376952594675e+18
906,0.9547205137108123,38.048315269759925,25.82552616995074,2.807678690474875e+17
111,0.9347577471239297,46.96667912102224,25.84691492109319,2.3390168687013786e+18
752,0.9277799877789299,42.97509251240649,26.068282658440506,7.354580908267569e+17
920,0.9212307065914249,46.4031979758483,26.204822263122757,1.1126469806669408e+18
920,0.9001405409164865,52.24732279836562,26.2839706805749,1.365963113275743e+18
629,0.922086248505173,44.93552380383939,26.304982812753753,1.0210464020932431e+18
43,0.8567788007127226,52.91368701881284,26.338587132464024,1.7664513472984154e+18
114,0.9163006141153863,52.3747580762426,26.34767856881932,1.735406572543268e+18
43,0.8586155496940786,52.57329475309748,26.376932920400634,1.7202634304797363e+18
341,0.9256866572468858,43.80094146664312,26.551631492049566,1.5786803745815872e+18
405,0.8883874764549851,55.14168939583216,26.55292902592071,1.997037228237305e+18
32,0.9629565287196694,42.80538836630794,26.612619590077408,3.458911028709896e+17
43,0.8782064452053449,48.795135053286394,26.638383051962386,1.403878161041416e+18
406,0.9545347072256112,43.17087918217865,26.833307940849192,2.4403697488325576e+18
341,0.905929643823351,49.280651545440264,26.859472837765342,2.0194756030162112e+18
341,0.9058386171910072,49.304488848070946,26.902803546993507,1.9500623163798328e+18
405,0.8894453521390292,54.87974776402254,26.932412004705732,2.07370475988781e+18
15,0.9265351561891644,46.915360815391864,26.950502986340428,1.3980148336591908e+18
10,0.9176410383722311,41.99198740977928,27.038366282745635,6.650607932627471e+17
15,0.9152680789978809,50.384715107118225,27.52705440710767,1.7032027202938273e+18
114,0.9282615756031523,48.488283603155814,27.888380504279517,1.4790493965424087e+18
405,0.9089143156993996,49.81368458467733,27.969309036611996,1.401432718695508e+18
220,0.938974536616412,43.11828965041606,28.215545320517123,1.7265402219533755e+18
15,0.9115001665752077,51.492799960443406,28.22280039407945,1.8851726555426273e+18
456,0.9196629167670715,48.83052418143661,28.25363055408945,1.721053879163403e+18
711,0.9567236561489617,44.41162313998944,28.673078091138052,5.390691039950083e+17
343,0.9041856740623058,51.928309794411774,28.72306776425545,1.6119234743487654e+18
343,0.9195089663981667,47.59515164379336,28.813968359226976,1.309164226854928e+18
456,0.9116318320179861,51.2131255912959,28.85913931431185,1.940969064616057e+18
456,0.9176252101761736,49.445926178238295,28.99308387516516,1.448401693670318e+18
343,0.8967605434568118,53.90286109476663,29.08815838318086,1.623321099109455e+18
752,0.9101842122655884,47.92524956581378,29.56986956808199,2.1317004981177636e+18
6,0.906769784164499,46.62491634754711,29.606751390648682,8.608001037838975e+17
906,0.9231588878092445,49.56573003514269,29.634744149275736,1.4348098385824827e+18
906,0.9217652287936406,50.01319441525398,29.882141471674878,1.2478414067716122e+18
906,0.9419656384663943,43.075198900617515,30.033646731067805,1.8407475353631076e+18
752,0.878308304048415,55.78513819875774,30.16310873112424,1.6571381934456438e+18
752,0.8795850765421395,55.49172155882077,30.283383715324955,1.7794613823010685e+18
355,0.9566248340487804,57.338677020883914,30.542915464461643,9.248341501783868e+17
70,0.950727879184812,49.20667505641268,30.572870928324043,2.23089483910169e+18
6,0.880853605646926,52.708441234613666,30.575827778535828,1.5657973036076915e+18
31,0.9395806644719187,53.30485659042875,30.652059678132627,2.3911016552363766e+18
6,0.8787156614134958,53.17923466962039,30.77372470722029,1.46222799472203e+18
220,0.897149902260193,55.97683471488013,30.937503797208542,1.827384633604473e+18
406,0.9318087373277185,52.870724694305906,31.00192510691279,1.8028288651243983e+18
10,0.8654015075293523,53.68229770476152,31.04183951756471,9.62700590990876e+17
906,0.9251211643215411,48.92876200870167,31.181526755264443,1.4119111718424835e+18
220,0.9168619702106433,50.32755670744125,31.21602950552458,1.3360914561702925e+18
220,0.8936615922459661,56.91818714506093,31.226906326505667,1.9481203476064369e+18
752,0.8928407768639957,52.34832857797891,31.375489871765673,1.742510898464537e+18
10,0.8916989627816374,48.15343872227601,31.495694052213228,8.01002664226549e+17
406,0.9067302875327373,61.83312787223781,31.65222407928689,2.093467313311072e+18
10,0.8619218436582992,54.37177212997649,31.752877031278707,1.1053599014856739e+18
6,0.8886068595981362,50.96463810634077,31.864974017562,1.0015928318423912e+18
406,0.9078726159111896,61.45330819355349,32.0171488476425,2.0783165457829844e+18
38,0.9689066724102549,56.19114640602172,32.83301162620221,1.0446321319939139e+18
77,0.9657139107192972,51.68140826151964,32.97538269489837,1.2092949759572454e+18
70,0.9186230763782532,63.237402992212886,33.01644021229181,1.9716859596364273e+18
29,0.9682934974042969,54.81078153502239,33.498485764133235,8.418075363830148e+17
28,0.971941343396179,50.61098083723992,33.55677147252747,4.925549959842784e+17
70,0.9144294979460652,64.8463345228891,34.31682580490117,2.1614237909621455e+18
32,0.9302020974982945,58.757564926567284,34.368515234989395,2.8218624993435576e+18
711,0.9118263286998207,63.392930188500934,35.75979223250089,2.902947163747587e+18
76,0.9685480855779889,63.91617908488669,36.582271229793335,1.7693012653674202e+18
31,0.8806097448319532,74.93129650997135,36.86802603800141,2.626413731120236e+18
74,0.9717455408004633,65.41364615833169,37.08380808702792,1.0308090167178688e+18
31,0.9104324626962863,64.9014087270597,37.0923340370631,2.1274228888384724e+18
70,0.9130028007035449,65.38468384421512,37.215682862762385,1.7332867337051686e+18
30,0.9655873328098818,61.93573365731532,37.51778413186813,5.552909702273268e+17
31,0.8753050420995134,76.577864889927,37.66726459032381,2.715636944022376e+18
28,0.9578127154849385,62.05861842915062,38.03892933703659,1.4295291101965985e+18
355,0.9468170901948381,63.491142360264185,38.304172583147405,2.965536416777562e+18
28,0.9566611399084767,62.899915079329176,38.442231328671326,1.4768005607716111e+18
28,0.9547554340298855,64.26796229128975,38.834439921826494,1.7318577274711724e+18
44,0.9715901881113862,60.02995361126597,38.879057881773406,5.854046312432065e+17
355,0.9351104547220435,70.13171494538788,39.733654410039875,2.384550655912162e+18
32,0.903749570636432,68.99918182252614,39.837251315702794,2.2733230961748933e+18
26,0.9622378823976719,62.103311974343974,40.19851360962332,4.31471582241755e+17
77,0.9447202286104012,65.62336294042501,40.81710343199645,3.885075436335013e+18
711,0.8497335711591364,82.75654426044281,40.862176071396426,3.148315451684298e+18
1,0.9051252872181795,78.67389454200728,41.428834595034594,5.448626761486294e+17
355,0.9323900861377961,71.58669044686899,41.44230187300384,2.4360672631982694e+18
711,0.8822566830902093,73.25537527412538,41.63425726189264,2.813609857693333e+18
711,0.8468216964102055,83.5545283911083,41.737415509869386,3.050251803356406e+18
355,0.9236300180732586,76.08314166891225,41.871480823122894,2.6995741183360486e+18
32,0.8532669554861352,85.1935209614269,41.901913875693964,3.1155165880282783e+18
28,0.9577258817739085,62.12245294862816,41.942471827498935,3.1856597007064115e+18
32,0.8542266051072638,84.91447665206964,41.94382755688482,3.001696037727578e+18
42,0.9749308729723667,65.17470585917843,43.049297348318554,4.954709267365739e+17
38,0.9397944603940931,78.19023492559963,43.44909166436525,3.847639002812204e+18
29,0.9413309697876826,74.55834849003698,43.60467055406644,4.2208268299424087e+18
77,0.9232863826821965,77.30571373768848,44.015317606747494,2.7195413615471334e+18
101,0.8866992740001495,89.49017686430945,44.60144178952719,5.641805188355089e+17
52,0.9530513393660461,72.43929505116415,44.81807160342717,1.0117527658098446e+18
45,0.9698095144491724,74.17297928164693,44.98716675452469,1.469639746682959e+18
51,0.9639877132484511,67.59104661382547,45.000031446953784,3.649304675996353e+17
24,0.9572455292306433,82.25416567111479,45.014859091705354,2.1372664548723876e+18
77,0.9332655817342186,72.102496618861,45.39920355577181,2.6079154169195146e+18
77,0.9125745798160066,82.52665215020518,46.05301097615804,3.180909790295546e+18
1,0.8871969728186058,85.785875817212,46.236655649140054,1.496525429210498e+18
44,0.9601868013521693,71.06362610382449,47.29301483801856,3.2572797422674545e+18
30,0.9491267889872241,75.30549963730536,47.789142562393735,3.8088399978245827e+18
41,0.9659510735500283,80.15925416567256,48.21699937228111,1.488303271069375e+18
754,0.8464732663207577,82.33329420262733,48.625574905295814,4.619121887005949e+17
38,0.8990560810983237,101.24518352562362,48.75904759705607,3.616958673502434e+18
76,0.9268022770551149,97.50705683013734,49.12835268550177,5.26223551711275e+18
26,0.9461678480718821,74.14936941544204,49.409170747070995,3.1982671584681457e+18
38,0.8933460186506449,104.06934650234105,50.31311347217383,4.0049996862032625e+18
3,0.9617466799179895,83.098784138216,50.46309703803182,7.031727824772724e+17
30,0.9135020836840121,98.1939978213478,50.536398652014654,3.0776369199485865e+18
38,0.9138473469786619,93.53380872324848,50.62849916093759,3.3604925633417354e+18
74,0.946358202415744,90.13148350352698,51.136062304597125,4.794655239533669e+18
29,0.8873201132500261,103.32728681363159,51.738116775158346,4.65197408053201e+18
1,0.8487690462135842,99.32893015141774,52.13405844751956,1.8125892691465705e+18
29,0.8828429311720024,105.36007559969164,52.19750485303035,4.882223453202303e+18
30,0.9086702692209431,100.89931269188128,52.532585716551836,3.363698970169042e+18
30,0.9251799307006221,91.32531360952473,52.77200586080586,3.091922226296623e+18
26,0.9116030322852431,95.01786664766243,53.359505502385346,3.4329081418901903e+18
26,0.9083388609338781,96.75629199561425,53.52151084108646,3.607342266258849e+18
1,0.844503343520671,100.72005164987645,53.54605589400837,1.9551504144204055e+18
42,0.9572378581740937,85.12148648285078,53.60989672780801,3.987550777924141e+18
29,0.9066237558733254,94.06109397808078,53.692931485591586,4.1295211660629135e+18
74,0.9103076098983578,116.54741794980465,53.97566590429276,4.1250865453021097e+18
51,0.9492077539171356,80.27171294292368,54.881422396416724,3.241432701425656e+18
1,0.8554300875126859,97.1168016387705,54.94086707492621,1.6064966011046213e+18
52,0.9349983122718238,85.2363665247523,55.19755206617661,3.329498694660452e+18
26,0.9270209496725157,86.33476184597077,55.34182421246035,3.124497084614717e+18
101,0.8127924867736207,115.0325261729152,56.24666530762609,3.1322145152825846e+18
44,0.9080511318145922,107.9958389577292,56.86846485749472,4.1237116691245225e+18
44,0.930346502023618,93.99511734852224,57.0917475053682,3.462926314786212e+18
74,0.9070154047432449,118.66710851468373,57.64226302159116,4.237103348949344e+18
3,0.9514294524269311,93.63680832556798,57.8024234245396,2.4702025927632814e+18
44,0.9087963511739231,107.55731087280043,58.10262837306029,4.21611304486809e+18
45,0.9435898469146733,101.38864378155527,58.7361763025609,5.591396087993964e+18
74,0.9277127876737015,104.62984845983617,59.56058713582692,3.19019671731827e+18
24,0.9331767735804005,102.83260897644199,59.92192499269003,5.32403311777771e+18
52,0.9036899829281109,103.75244540728659,60.318966586927445,4.03482053097797e+18
51,0.9254316398733206,97.2615346238593,60.91398190120601,2.788654454169057e+18
52,0.9007822342618674,105.30702244334766,61.25067717986827,3.8784371581664374e+18
76,0.8545159900063353,137.46587278235933,61.34878520272443,6.497239620284966e+18
51,0.9228303250311494,98.9434745156022,61.54286887254902,2.5783231586906445e+18
52,0.919397481294294,94.91545156890257,62.52342768182073,3.297055832510821e+18
76,0.8818674627310487,123.87168014072732,62.85575226492354,5.570165991189669e+18
51,0.9357878280604726,90.25525581502902,63.00064142964878,1.9889006085468695e+18
24,0.9022874230575813,124.34902017621368,63.3016757174973,5.145330905356885e+18
41,0.9429729061982661,103.73912388785817,63.343702387247454,5.231654683271122e+18
76,0.8501163048037015,139.5289924062328,63.58878520438875,6.723334604588258e+18
42,0.9111582145381111,122.69252756162194,64.33127112174516,4.3216679525491497e+18
42,0.9079232904459493,124.90630749265826,65.00486528658462,4.732862167190284e+18
24,0.8941868668737672,129.40078801867386,65.87922529747657,5.511733492632497e+18
42,0.9251542649695097,112.61416038955349,66.46679493129577,3.9811425880157266e+18
101,0.7354689307896389,136.74056300659055,66.92908416064955,2.8537378374857114e+18
101,0.7164695859531817,141.56596251745225,67.98324713325425,2.725993639468069e+18
3,0.9413504110595664,102.89460126478758,68.20305288327027,2.3543973778774257e+18
24,0.9103294261159982,119.12203628286397,68.9332731441867,4.3464355177232056e+18
3,0.9267950807560569,114.95562716623233,70.46635142596013,2.728357742903317e+18
101,0.7550298496883978,131.58779342911527,70.83283843935726,2.737829290033837e+18
45,0.9188975823926194,121.57032419350867,70.86714727900811,5.315826211478355e+18
3,0.9231666220767204,117.77010594965495,72.04810634090762,3.219419183740499e+18
45,0.882051354825355,146.60782572711653,73.0623016312306,6.911261412645697e+18
45,0.881675598979275,146.84116856208388,73.35605974302962,6.889998485469513e+18
754,0.6825590496841243,118.38998411607282,73.95200740084032,7.810847219301594e+17
754,0.6968114256338422,115.70174325960559,74.79356629123934,2.923748899680337e+18
41,0.895923735100167,140.14506358360126,75.42485219409653,5.049993490733094e+18
41,0.9147524787455422,126.83608721688316,76.7459987981421,4.5248270696011674e+18
41,0.8853320154561631,147.10351345350142,77.48967099243151,5.665638891594051e+18
754,0.5982962627154107,133.1792065401673,79.9048771964387,7.274838850538317e+17
754,0.5345505120870917,143.35728433193833,83.47473207400064,5.20591642705934e+17
